date,town,trade,value,permit_page
2026-09-21,Braintree,Renovation/Remodel,,https://masspermits.com/permits/braintree-renovation-remodel
2026-09-21,Braintree,Renovation/Remodel,,https://masspermits.com/permits/braintree-renovation-remodel
2026-09-21,Braintree,Renovation/Remodel,,https://masspermits.com/permits/braintree-renovation-remodel
2026-09-21,Hingham,Building,,https://masspermits.com/permits/hingham-building
2026-09-21,Hingham,Electrical,,https://masspermits.com/permits/hingham-electrical
2026-09-21,Hingham,Plumbing,,https://masspermits.com/permits/hingham-plumbing
2026-09-21,Rockland,Gas,,https://masspermits.com/permits/rockland-gas
2026-09-21,Rockland,Plumbing,,https://masspermits.com/permits/rockland-plumbing
2026-09-21,Rockland,Electrical,,https://masspermits.com/permits/rockland-electrical
2026-09-21,Falmouth,Gas,,https://masspermits.com/permits/falmouth-gas
2026-09-21,Falmouth,Electrical,,https://masspermits.com/permits/falmouth-electrical
2026-09-21,Falmouth,Electrical,,https://masspermits.com/permits/falmouth-electrical
2026-09-21,Mashpee,Gas,,https://masspermits.com/permits/mashpee-gas
2026-09-21,Mashpee,Renovation/Remodel,,https://masspermits.com/permits/mashpee-renovation-remodel
2026-09-21,Mashpee,Electrical,,https://masspermits.com/permits/mashpee-electrical
2026-09-21,Sandwich,Electrical,,https://masspermits.com/permits/sandwich-electrical
2026-09-21,Sandwich,Renovation/Remodel,,https://masspermits.com/permits/sandwich-renovation-remodel
2026-09-21,Sandwich,Renovation/Remodel,,https://masspermits.com/permits/sandwich-renovation-remodel
2026-09-21,Randolph,Renovation/Remodel,,https://masspermits.com/permits/randolph-renovation-remodel
2026-09-21,Randolph,Electrical,,https://masspermits.com/permits/randolph-electrical
2026-09-21,Randolph,Gas,,https://masspermits.com/permits/randolph-gas
2026-09-21,Milton,Electrical,,https://masspermits.com/permits/milton-electrical
2026-09-21,Milton,Renovation/Remodel,,https://masspermits.com/permits/milton-renovation-remodel
2026-09-21,Milton,Renovation/Remodel,,https://masspermits.com/permits/milton-renovation-remodel
2026-09-21,Stoughton,Electrical,,https://masspermits.com/permits/stoughton-electrical
2026-09-21,Stoughton,Gas,,https://masspermits.com/permits/stoughton-gas
2026-09-21,Stoughton,Building,,https://masspermits.com/permits/stoughton-building
2026-09-21,Easton,Electrical,,https://masspermits.com/permits/easton-electrical
2026-09-21,Easton,Electrical,,https://masspermits.com/permits/easton-electrical
2026-09-21,Easton,Electrical,,https://masspermits.com/permits/easton-electrical
2026-09-21,Bridgewater,Plumbing,,https://masspermits.com/permits/bridgewater-plumbing
2026-09-21,Bridgewater,Renovation/Remodel,,https://masspermits.com/permits/bridgewater-renovation-remodel
2026-09-21,West Bridgewater,Plumbing,,https://masspermits.com/permits/west-bridgewater-plumbing
2026-09-21,West Bridgewater,Plumbing,,https://masspermits.com/permits/west-bridgewater-plumbing
2026-09-21,West Bridgewater,Plumbing,,https://masspermits.com/permits/west-bridgewater-plumbing
2026-09-21,Hanson,Electrical,,https://masspermits.com/permits/hanson-electrical
2026-09-21,Hanson,Electrical,,https://masspermits.com/permits/hanson-electrical
2026-09-21,Hanson,Plumbing,,https://masspermits.com/permits/hanson-plumbing
2026-09-21,Cohasset,Gas,,https://masspermits.com/permits/cohasset-gas
2026-09-21,Cohasset,Renovation/Remodel,,https://masspermits.com/permits/cohasset-renovation-remodel
2026-09-21,Cohasset,Plumbing,,https://masspermits.com/permits/cohasset-plumbing
2026-09-21,Attleboro,Electrical,,https://masspermits.com/permits/attleboro-electrical
2026-09-21,Attleboro,HVAC,,https://masspermits.com/permits/attleboro-hvac
2026-09-21,Attleboro,Gas,,https://masspermits.com/permits/attleboro-gas
2026-09-21,Mansfield,Renovation/Remodel,,https://masspermits.com/permits/mansfield-renovation-remodel
2026-09-21,Mansfield,Gas,,https://masspermits.com/permits/mansfield-gas
2026-09-21,Mansfield,Renovation/Remodel,,https://masspermits.com/permits/mansfield-renovation-remodel
2026-09-21,Foxborough,Gas,15000.0,https://masspermits.com/permits/foxborough-gas
2026-09-21,Foxborough,Electrical,1000.0,https://masspermits.com/permits/foxborough-electrical
2026-09-21,Foxborough,Renovation/Remodel,23900.0,https://masspermits.com/permits/foxborough-renovation-remodel
2026-09-21,Fairhaven,Renovation/Remodel,,https://masspermits.com/permits/fairhaven-renovation-remodel
2026-09-21,Fairhaven,Renovation/Remodel,,https://masspermits.com/permits/fairhaven-renovation-remodel
2026-09-21,Fairhaven,Renovation/Remodel,,https://masspermits.com/permits/fairhaven-renovation-remodel
2026-09-21,Taunton,Gas,2675.0,https://masspermits.com/permits/taunton-gas
2026-09-21,Taunton,Plumbing,4959.0,https://masspermits.com/permits/taunton-plumbing
2026-09-21,Taunton,Gas,24300.0,https://masspermits.com/permits/taunton-gas
2026-09-21,Bellingham,Electrical,,https://masspermits.com/permits/bellingham-electrical
2026-09-21,Bellingham,Electrical,,https://masspermits.com/permits/bellingham-electrical
2026-09-21,Bellingham,Electrical,,https://masspermits.com/permits/bellingham-electrical
2026-09-21,Chicopee,Building,,https://masspermits.com/permits/chicopee-building
2026-09-21,Chicopee,Building,,https://masspermits.com/permits/chicopee-building
2026-09-21,Chicopee,Building,,https://masspermits.com/permits/chicopee-building
2026-09-21,Hopedale,Electrical,,https://masspermits.com/permits/hopedale-electrical
2026-09-21,Ludlow,Other,,https://masspermits.com/permits/ludlow-other
2026-09-21,Ludlow,Renovation/Remodel,,https://masspermits.com/permits/ludlow-renovation-remodel
2026-09-21,Ludlow,Plumbing,,https://masspermits.com/permits/ludlow-plumbing
2026-09-21,Ipswich,Electrical,,https://masspermits.com/permits/ipswich-electrical
2026-09-21,Ipswich,Plumbing,,https://masspermits.com/permits/ipswich-plumbing
2026-09-21,North Reading,Renovation/Remodel,,https://masspermits.com/permits/north-reading-renovation-remodel
2026-09-21,North Reading,Plumbing,,https://masspermits.com/permits/north-reading-plumbing
2026-09-21,Easthampton,Plumbing,,https://masspermits.com/permits/easthampton-plumbing
2026-09-21,Easthampton,Electrical,,https://masspermits.com/permits/easthampton-electrical
2026-09-21,Easthampton,Renovation/Remodel,,https://masspermits.com/permits/easthampton-renovation-remodel
2026-09-21,Great Barrington,Electrical,,https://masspermits.com/permits/great-barrington-electrical
2026-09-21,Great Barrington,Electrical,,https://masspermits.com/permits/great-barrington-electrical
2026-09-21,Lee,Electrical,,https://masspermits.com/permits/lee-electrical
2026-09-21,Lee,Building,,https://masspermits.com/permits/lee-building
2026-09-21,Lee,Electrical,,https://masspermits.com/permits/lee-electrical
2026-09-21,Lenox,Electrical,,https://masspermits.com/permits/lenox-electrical
2026-09-21,Lenox,Other,,https://masspermits.com/permits/lenox-other
2026-09-21,Lenox,Electrical,,https://masspermits.com/permits/lenox-electrical
2026-09-21,Stockbridge,Renovation/Remodel,,https://masspermits.com/permits/stockbridge-renovation-remodel
2026-09-21,Stockbridge,Building,,https://masspermits.com/permits/stockbridge-building
2026-09-21,Stockbridge,Renovation/Remodel,,https://masspermits.com/permits/stockbridge-renovation-remodel
2026-09-21,Cambridge,Electrical,20000.0,https://masspermits.com/permits/cambridge-electrical
2026-09-21,Concord,HVAC,,https://masspermits.com/permits/concord-hvac
2026-09-21,Concord,Renovation/Remodel,,https://masspermits.com/permits/concord-renovation-remodel
2026-09-21,Concord,Renovation/Remodel,,https://masspermits.com/permits/concord-renovation-remodel
2026-09-21,Newbury,Roofing,,https://masspermits.com/permits/newbury
2026-09-21,West Newbury,Electrical,,https://masspermits.com/permits/west-newbury-electrical
2026-09-21,Georgetown,Plumbing,,https://masspermits.com/permits/georgetown
2026-09-21,Georgetown,Plumbing,,https://masspermits.com/permits/georgetown
2026-09-21,Georgetown,HVAC,,https://masspermits.com/permits/georgetown
2026-09-21,Merrimac,HVAC,,https://masspermits.com/permits/merrimac-hvac
2026-09-21,Merrimac,Demolition,,https://masspermits.com/permits/merrimac
2026-09-21,Merrimac,Gas,,https://masspermits.com/permits/merrimac
2026-09-21,Southampton,Other,,https://masspermits.com/permits/southampton
2026-09-21,Southampton,Electrical,,https://masspermits.com/permits/southampton
2026-09-21,Southampton,Electrical,,https://masspermits.com/permits/southampton
2026-09-21,Granby,Plumbing,,https://masspermits.com/permits/granby
